{
  "best_model": "Gradient Boosting",
  "metrics": {
    "TensorFlow Neural Network": {
      "RMSE": 4842.425550106619,
      "MAE": 2822.21832128309,
      "R2": 0.8267487731274774,
      "MSE": 23449085.208325393
    },
    "Linear Regression": {
      "RMSE": 6329.830404222362,
      "MAE": 4395.48559565578,
      "R2": 0.7039707927597132,
      "MSE": 40066752.94621783
    },
    "Ridge Regression": {
      "RMSE": 6318.560724103664,
      "MAE": 4402.457110803743,
      "R2": 0.7050239598749845,
      "MSE": 39924209.62418542
    },
    "Random Forest": {
      "RMSE": 4910.026368479607,
      "MAE": 2854.8309820597938,
      "R2": 0.8218777949337421,
      "MSE": 24108358.939165037
    },
    "Gradient Boosting": {
      "RMSE": 4678.792985417589,
      "MAE": 2721.411399076303,
      "R2": 0.8382597633418445,
      "MSE": 21891103.800392836
    }
  },
  "model_info": {
    "model_type": "sklearn",
    "architecture": "Gradient Boosting",
    "best_model": "Gradient Boosting",
    "r2_score": 0.8382597633418445,
    "rmse": 4678.792985417589,
    "mae": 2721.411399076303
  }
}